Company Name,Website,Location
Stylecraft Homes,,Texas
Davidson Homes,,Alabama
Lowder New Homes,lowdernewhomes.com,"Montgomery, AL"
Goodwyn Building,goodwynbuilding.com,"Montgomery, AL"
Hughston Homes,hughstonhomes.com,"Columbus, GA"
Holland Homes,hollandhomesllc.com,"Auburn, AL"
Alexander Scott Homes,alexanderscotthomes.com,"Auburn, AL"
Trademark Quality Homes,trademarkqualityhomes.com,"Manchester, GA"
Dilworth Development,dilworthdevelopment.com,"Auburn, AL"
Conner Brothers Construction,,"Auburn, AL"
Centennial Homes,centennialhomesllc.com,"Birmingham, AL"
Signature Homes,signaturehomes.com,"Birmingham, AL"
Harris Doyle Homes,harrisdoyle.com,"Birmingham, AL"
Piedmont Residential,piedmontresidential.com,"Canton, GA"
McKinley Homes,mckinleyhomes.com,"Atlanta, GA"
Kerley Family Homes,kerleyfamilyhomes.com,"Marietta, GA"
Traton Homes,tratonhomes.com,"Atlanta, GA"
Silverstone Communities,silverstonecommunities.com,"Atlanta, GA"
Rockhaven Homes,rockhavenhomes.com,"Atlanta, GA"
Rocklyn Homes,rocklynhomes.com,"Suwanee, GA"
Paran Homes,paranhomes.com,"Atlanta, GA"
TBG Homes,tbghomes.com,"Tuscaloosa, AL"
Valor Communities,valorcommunities.com,"Madison, AL"
Woodland Homes,woodlandhomesal.com,"Huntsville, AL"
Truland Homes,trulandhomes.com,"Baldwin County, AL"
Benchmark Homes,,"Mobile, AL"
Classic Homes,classichomes.com,"Colorado Springs, CO"
Holmes Homes,holmeshomes.com,"Sandy, UT"
Fieldstone Homes,fieldstonehomes.com,"Draper, UT"
New Tradition Homes,newtraditionhomes.com,"Vancouver, WA"
Ence Homes,encehomes.com,"St. George, UT"
CBH Homes,cbhhomes.com,"Meridian, ID"
Challenger Homes,challengerhomes.com,"Colorado Springs, CO"
Pahlisch Homes,pahlischhomes.com,"Bend, OR"
Vantage Homes,vantagehomescolorado.com,"Colorado Springs, CO"
Dream Finders Homes,dreamfindershomes.com,"Jacksonville, FL"
David Weekley Homes,davidweekleyhomes.com,"Houston, TX"
Homes By WestBay,homesbywb.com,"Tampa, FL"
Ashton Woods Homes,ashtonwoods.com,"Atlanta, GA"
Drees Homes,dreeshomes.com,"Fort Mitchell, KY"
Kolter Homes,kolterhomes.com,"Palm Beach, FL"
ICI Homes,icihomes.com,"Daytona Beach, FL"
Eastwood Homes,eastwoodhomes.com,"Charlotte, NC"
GHO Homes,ghohomes.com,"Vero Beach, FL"
Stanley Martin Homes,stanleymartin.com,"Reston, VA"
M/I Homes,mihomes.com,"Columbus, OH"
Smith Douglas Homes,smithdouglas.com,"Woodstock, GA"
Mattamy Homes,mattamyhomes.com,"Winter Park, FL"
Neal Communities,nealcommunities.com,"Lakewood Ranch, FL"
Meritage Homes,meritagehomes.com,"Scottsdale, AZ"
Tri Pointe Homes,tripointehomes.com,"Incline Village, NV"
KB Home,kbhome.com,"Los Angeles, CA"
