email,firstName,lastName,companyName,subject,email_1_body,email_2_body
shelbyjagor@piedmontresidential.com,Shelby,Jagor,Piedmont Residential,piedmont's design selections,"Hey Shelby,

On Atlanta Real Estate Forum Radio you said a 4 bedroom starting in the $220s can option up to the $300s. I'd bet most land somewhere in the middle because they can't picture what the upgrade looks like.

Reports back it up. Clients who can see their selections in the room spend more and feel better about what they picked.

I went through it myself and spent 40% more on upgrades because I could finally see what I was getting.

Go live in under a week. Worth a quick look?

Rashaad
Founder, Finch","Hey Shelby,

I know you're busy so I'll keep this short.

I've read the reports on how visualization helps both clients and builders, but every tool out there is tied to an erp, owned by a massive group, or costs six figures.

I'm pretty sure I have a fix but y'all have been doing this since 2009 and I've been at it 3 months. If I'm off base I'd genuinely love to hear why.

Even a one liner would help.

Rashaad
Founder, Finch"
tradams@rocklynhomes.com,Tr,Adams,Rocklyn Homes,rocklyn's design team,"Hey Tr,

Y'all say on your site that choosing interior finishes can be stressful and overwhelming.

Data shows seeing selections beyond just swatches fixes that. But every tool out there is either tied to an erp, owned by a massive group, or costs six figures to set up.

I went through it buying a home. Created my own visualizer and spent 40% more than planned. Now it's a tool for others to use. Zero to live in under a week.

Worth a quick look?

Rashaad
Founder, Finch","Hey Tr,

I know you're busy so I'll keep this short.

I've read the reports on how visualization helps both clients and builders, but every tool out there is tied to an erp, owned by a massive group, or costs six figures to set up.

I'm pretty sure I have a fix but I've been at this 3 months and y'all have been selling homes for a lot longer. If I'm off base I'd genuinely like to hear why.

Even a one liner would help.

Rashaad
Founder, Finch"
lklaassen@vhco.com,Lindsay,Klaassen,Vantage Homes,vantage's design studio,"Hey Lindsay,

Hayden launched a full digital selection platform while you were running Central Oregon.

Vantage has a beautiful design studio but nothing that lets clients see their picks in the room before the appointment. You already know what that gap costs.

I built a visualizer that gets builders there without the massive buildout Hayden went through.

Go Live in under a week. Worth a quick look?

Rashaad
Founder, Finch","Hey Lindsay,

My last note might have been presumptuous. I don't know what's on your plate a year into a new role and I definitely don't know what Vantage's priorities are right now.

If visualization for the design studio isn't even on the radar yet, that's useful to know too.

Rashaad
Founder, Finch"
kelliel@fieldstonehomes.com,Kellie,Little,Fieldstone Homes,fieldstone's design studio,"Hey Kellie,

On the builder marketing podcast you said you're watching ai but haven't found the right use yet. I think I have one.

I built a tool that lets clients see their selections in the actual rooms. Went through it buying my home and spent 40% more on upgrades because I could finally see what I was picking.

Live in under a week. Worth a quick look?

Rashaad
Founder, Finch","Hey Kellie,

You said, ""don't leave things on the table just because you're not sure.""

Fieldstone's online design studio is pdf catalogs, and this tool lets clients see their design in more than just swatches.

Even if the timing's off I'd love to hear what you think.

Rashaad
Founder, Finch"
jone@encehomes.com,Jon,Ence,Ence Homes,ence homes design center,"Hey Jon,

Y'all have won the Eliant Homebuyers' Choice Award five years running. Clients love the experience but they're still picking from samples and hoping it all works together in the room.

I went through it buying my own home, built a visualizer, and spent 40% more on upgrades because I could see everything together.

Live in under a week. Worth a quick look?

Rashaad
Founder, Finch","Hey Jon,

I know you're busy so I'll keep this short.

I've read the reports on how visualization helps both clients and builders, but every tool out there is tied to an erp, owned by a massive group, or costs six figures.

I'm pretty sure I have a fix but you've been at this 20 years and I've been at it 3 months. If I'm off base I'd genuinely love to hear why.

Even a one liner would help.

Rashaad
Founder, Finch"
jason@holmeshomes.com,Jason,Nageli,Holmes Homes,holmes homes design center,"Hey Jason,

Y'all are running design appointments in Utah and Boise. That's two markets worth of clients picking from samples with no way to see how it comes together in the room.

I went through it myself buying a home, built a visualizer, and spent 40% more because I could finally see what I was picking. Go live in under a week.

Worth a quick look?

Rashaad
Founder, Finch","Hey Jason,

The reports show visualization helps both clients and builders, but every tool out there is tied to an erp, owned by a massive group, or costs six figures.

Y'all have been building since 1890. If I'm off base I'd genuinely love to hear why.

Rashaad
Founder, Finch"
